{
    "$schema": "https://schema.management.azure.com/schemas/2015-01-01/deploymentParameters.json#",
    "contentVersion": "1.0.0.0",
    "parameters": {
        "vulnerabilityAssessments_Default_storageContainerPath": {
            "value": null
        },
        "storageAccounts_sqlproject01_name": {
            "value": null
        },
        "workspaces_synpaseforproject_name": {
            "value": null
        },
        "workspaces_ProjectDatabricksNB_name": {
            "value": null
        }
    }
}