{
    "$schema": "https://schema.management.azure.com/schemas/2019-04-01/deploymentTemplate.json#",
    "contentVersion": "1.0.0.0",
    "parameters": {
        "vulnerabilityAssessments_Default_storageContainerPath": {
            "type": "SecureString"
        },
        "storageAccounts_sqlproject01_name": {
            "defaultValue": "sqlproject01",
            "type": "String"
        },
        "workspaces_synpaseforproject_name": {
            "defaultValue": "synpaseforproject",
            "type": "String"
        },
        "workspaces_ProjectDatabricksNB_name": {
            "defaultValue": "ProjectDatabricksNB",
            "type": "String"
        }
    },
    "variables": {},
    "resources": [
        {
            "type": "Microsoft.Databricks/workspaces",
            "apiVersion": "2023-02-01",
            "name": "[parameters('workspaces_ProjectDatabricksNB_name')]",
            "location": "eastus",
            "sku": {
                "name": "trial"
            },
            "properties": {
                "managedResourceGroupId": "[concat('/subscriptions/e9a64eb6-b750-4b80-a4de-2370402e7d70/resourceGroups/databricks-rg-', parameters('workspaces_ProjectDatabricksNB_name'), '-4m5g2lthitquk')]",
                "parameters": {
                    "enableNoPublicIp": {
                        "type": "Bool",
                        "value": false
                    },
                    "prepareEncryption": {
                        "type": "Bool",
                        "value": false
                    },
                    "publicIpName": {
                        "type": "String",
                        "value": "nat-gw-public-ip"
                    },
                    "requireInfrastructureEncryption": {
                        "type": "Bool",
                        "value": false
                    },
                    "storageAccountName": {
                        "type": "String",
                        "value": "dbstoragezsaegdw2apgia"
                    },
                    "storageAccountSkuName": {
                        "type": "String",
                        "value": "Standard_GRS"
                    },
                    "vnetAddressPrefix": {
                        "type": "String",
                        "value": "10.139"
                    }
                },
                "authorizations": [
                    {
                        "principalId": "9a74af6f-d153-4348-988a-e2672920bee9",
                        "roleDefinitionId": "8e3af657-a8ff-443c-a75c-2fe8c4bcb635"
                    }
                ],
                "createdBy": {},
                "updatedBy": {},
                "createdDateTime": "2023-10-29T16:14:18.129022Z"
            }
        },
        {
            "type": "Microsoft.Storage/storageAccounts",
            "apiVersion": "2023-01-01",
            "name": "[parameters('storageAccounts_sqlproject01_name')]",
            "location": "eastus",
            "sku": {
                "name": "Standard_LRS",
                "tier": "Standard"
            },
            "kind": "StorageV2",
            "properties": {
                "dnsEndpointType": "Standard",
                "defaultToOAuthAuthentication": false,
                "publicNetworkAccess": "Enabled",
                "allowCrossTenantReplication": false,
                "minimumTlsVersion": "TLS1_2",
                "allowBlobPublicAccess": false,
                "allowSharedKeyAccess": true,
                "isHnsEnabled": true,
                "networkAcls": {
                    "bypass": "AzureServices",
                    "virtualNetworkRules": [],
                    "ipRules": [],
                    "defaultAction": "Allow"
                },
                "supportsHttpsTrafficOnly": true,
                "encryption": {
                    "requireInfrastructureEncryption": false,
                    "services": {
                        "file": {
                            "keyType": "Account",
                            "enabled": true
                        },
                        "blob": {
                            "keyType": "Account",
                            "enabled": true
                        }
                    },
                    "keySource": "Microsoft.Storage"
                },
                "accessTier": "Hot"
            }
        },
        {
            "type": "Microsoft.Storage/storageAccounts/blobServices",
            "apiVersion": "2023-01-01",
            "name": "[concat(parameters('storageAccounts_sqlproject01_name'), '/default')]",
            "dependsOn": [
                "[resourceId('Microsoft.Storage/storageAccounts', parameters('storageAccounts_sqlproject01_name'))]"
            ],
            "sku": {
                "name": "Standard_LRS",
                "tier": "Standard"
            },
            "properties": {
                "changeFeed": {
                    "enabled": false
                },
                "restorePolicy": {
                    "enabled": false
                },
                "containerDeleteRetentionPolicy": {
                    "enabled": false
                },
                "cors": {
                    "corsRules": []
                },
                "deleteRetentionPolicy": {
                    "allowPermanentDelete": false,
                    "enabled": false
                },
                "isVersioningEnabled": false
            }
        },
        {
            "type": "Microsoft.Storage/storageAccounts/fileServices",
            "apiVersion": "2023-01-01",
            "name": "[concat(parameters('storageAccounts_sqlproject01_name'), '/default')]",
            "dependsOn": [
                "[resourceId('Microsoft.Storage/storageAccounts', parameters('storageAccounts_sqlproject01_name'))]"
            ],
            "sku": {
                "name": "Standard_LRS",
                "tier": "Standard"
            },
            "properties": {
                "protocolSettings": {
                    "smb": {}
                },
                "cors": {
                    "corsRules": []
                },
                "shareDeleteRetentionPolicy": {
                    "enabled": false,
                    "days": 0
                }
            }
        },
        {
            "type": "Microsoft.Storage/storageAccounts/queueServices",
            "apiVersion": "2023-01-01",
            "name": "[concat(parameters('storageAccounts_sqlproject01_name'), '/default')]",
            "dependsOn": [
                "[resourceId('Microsoft.Storage/storageAccounts', parameters('storageAccounts_sqlproject01_name'))]"
            ],
            "properties": {
                "cors": {
                    "corsRules": []
                }
            }
        },
        {
            "type": "Microsoft.Storage/storageAccounts/tableServices",
            "apiVersion": "2023-01-01",
            "name": "[concat(parameters('storageAccounts_sqlproject01_name'), '/default')]",
            "dependsOn": [
                "[resourceId('Microsoft.Storage/storageAccounts', parameters('storageAccounts_sqlproject01_name'))]"
            ],
            "properties": {
                "cors": {
                    "corsRules": []
                }
            }
        },
        {
            "type": "Microsoft.Synapse/workspaces",
            "apiVersion": "2021-06-01",
            "name": "[parameters('workspaces_synpaseforproject_name')]",
            "location": "australiaeast",
            "dependsOn": [
                "[resourceId('Microsoft.Storage/storageAccounts', parameters('storageAccounts_sqlproject01_name'))]"
            ],
            "identity": {
                "type": "SystemAssigned"
            },
            "properties": {
                "defaultDataLakeStorage": {
                    "resourceId": "[resourceId('Microsoft.Storage/storageAccounts', parameters('storageAccounts_sqlproject01_name'))]",
                    "createManagedPrivateEndpoint": false,
                    "accountUrl": "https://sqlproject01.dfs.core.windows.net",
                    "filesystem": "bronze"
                },
                "encryption": {},
                "managedResourceGroupName": "rakesh",
                "sqlAdministratorLogin": "testsql",
                "privateEndpointConnections": [],
                "publicNetworkAccess": "Enabled",
                "cspWorkspaceAdminProperties": {
                    "initialWorkspaceAdminObjectId": "a76ad621-38b0-4033-989d-a67131323d83"
                },
                "azureADOnlyAuthentication": false,
                "trustedServiceBypassEnabled": false
            }
        },
        {
            "type": "Microsoft.Synapse/workspaces/auditingSettings",
            "apiVersion": "2021-06-01",
            "name": "[concat(parameters('workspaces_synpaseforproject_name'), '/Default')]",
            "dependsOn": [
                "[resourceId('Microsoft.Synapse/workspaces', parameters('workspaces_synpaseforproject_name'))]"
            ],
            "properties": {
                "retentionDays": 0,
                "auditActionsAndGroups": [],
                "isStorageSecondaryKeyInUse": false,
                "isAzureMonitorTargetEnabled": false,
                "state": "Disabled",
                "storageAccountSubscriptionId": "00000000-0000-0000-0000-000000000000"
            }
        },
        {
            "type": "Microsoft.Synapse/workspaces/azureADOnlyAuthentications",
            "apiVersion": "2021-06-01",
            "name": "[concat(parameters('workspaces_synpaseforproject_name'), '/default')]",
            "dependsOn": [
                "[resourceId('Microsoft.Synapse/workspaces', parameters('workspaces_synpaseforproject_name'))]"
            ],
            "properties": {
                "azureADOnlyAuthentication": false
            }
        },
        {
            "type": "Microsoft.Synapse/workspaces/dedicatedSQLminimalTlsSettings",
            "apiVersion": "2021-06-01",
            "name": "[concat(parameters('workspaces_synpaseforproject_name'), '/default')]",
            "location": "australiaeast",
            "dependsOn": [
                "[resourceId('Microsoft.Synapse/workspaces', parameters('workspaces_synpaseforproject_name'))]"
            ],
            "properties": {
                "minimalTlsVersion": "1.2"
            }
        },
        {
            "type": "Microsoft.Synapse/workspaces/extendedAuditingSettings",
            "apiVersion": "2021-06-01",
            "name": "[concat(parameters('workspaces_synpaseforproject_name'), '/Default')]",
            "dependsOn": [
                "[resourceId('Microsoft.Synapse/workspaces', parameters('workspaces_synpaseforproject_name'))]"
            ],
            "properties": {
                "retentionDays": 0,
                "auditActionsAndGroups": [],
                "isStorageSecondaryKeyInUse": false,
                "isAzureMonitorTargetEnabled": false,
                "state": "Disabled",
                "storageAccountSubscriptionId": "00000000-0000-0000-0000-000000000000"
            }
        },
        {
            "type": "Microsoft.Synapse/workspaces/firewallRules",
            "apiVersion": "2021-06-01",
            "name": "[concat(parameters('workspaces_synpaseforproject_name'), '/allowAll')]",
            "dependsOn": [
                "[resourceId('Microsoft.Synapse/workspaces', parameters('workspaces_synpaseforproject_name'))]"
            ],
            "properties": {
                "startIpAddress": "0.0.0.0",
                "endIpAddress": "255.255.255.255"
            }
        },
        {
            "type": "Microsoft.Synapse/workspaces/integrationruntimes",
            "apiVersion": "2021-06-01",
            "name": "[concat(parameters('workspaces_synpaseforproject_name'), '/AutoResolveIntegrationRuntime')]",
            "dependsOn": [
                "[resourceId('Microsoft.Synapse/workspaces', parameters('workspaces_synpaseforproject_name'))]"
            ],
            "properties": {
                "type": "Managed",
                "typeProperties": {
                    "computeProperties": {
                        "location": "AutoResolve"
                    }
                }
            }
        },
        {
            "type": "Microsoft.Synapse/workspaces/securityAlertPolicies",
            "apiVersion": "2021-06-01",
            "name": "[concat(parameters('workspaces_synpaseforproject_name'), '/Default')]",
            "dependsOn": [
                "[resourceId('Microsoft.Synapse/workspaces', parameters('workspaces_synpaseforproject_name'))]"
            ],
            "properties": {
                "state": "Disabled",
                "disabledAlerts": [
                    ""
                ],
                "emailAddresses": [
                    ""
                ],
                "emailAccountAdmins": false,
                "retentionDays": 0
            }
        },
        {
            "type": "Microsoft.Synapse/workspaces/vulnerabilityAssessments",
            "apiVersion": "2021-06-01",
            "name": "[concat(parameters('workspaces_synpaseforproject_name'), '/Default')]",
            "dependsOn": [
                "[resourceId('Microsoft.Synapse/workspaces', parameters('workspaces_synpaseforproject_name'))]"
            ],
            "properties": {
                "recurringScans": {
                    "isEnabled": false,
                    "emailSubscriptionAdmins": true
                },
                "storageContainerPath": "[parameters('vulnerabilityAssessments_Default_storageContainerPath')]"
            }
        },
        {
            "type": "Microsoft.Storage/storageAccounts/blobServices/containers",
            "apiVersion": "2023-01-01",
            "name": "[concat(parameters('storageAccounts_sqlproject01_name'), '/default/bronze')]",
            "dependsOn": [
                "[resourceId('Microsoft.Storage/storageAccounts/blobServices', parameters('storageAccounts_sqlproject01_name'), 'default')]",
                "[resourceId('Microsoft.Storage/storageAccounts', parameters('storageAccounts_sqlproject01_name'))]"
            ],
            "properties": {
                "immutableStorageWithVersioning": {
                    "enabled": false
                },
                "defaultEncryptionScope": "$account-encryption-key",
                "denyEncryptionScopeOverride": false,
                "publicAccess": "None"
            }
        },
        {
            "type": "Microsoft.Storage/storageAccounts/blobServices/containers",
            "apiVersion": "2023-01-01",
            "name": "[concat(parameters('storageAccounts_sqlproject01_name'), '/default/gold')]",
            "dependsOn": [
                "[resourceId('Microsoft.Storage/storageAccounts/blobServices', parameters('storageAccounts_sqlproject01_name'), 'default')]",
                "[resourceId('Microsoft.Storage/storageAccounts', parameters('storageAccounts_sqlproject01_name'))]"
            ],
            "properties": {
                "immutableStorageWithVersioning": {
                    "enabled": false
                },
                "defaultEncryptionScope": "$account-encryption-key",
                "denyEncryptionScopeOverride": false,
                "publicAccess": "None"
            }
        },
        {
            "type": "Microsoft.Storage/storageAccounts/blobServices/containers",
            "apiVersion": "2023-01-01",
            "name": "[concat(parameters('storageAccounts_sqlproject01_name'), '/default/silver')]",
            "dependsOn": [
                "[resourceId('Microsoft.Storage/storageAccounts/blobServices', parameters('storageAccounts_sqlproject01_name'), 'default')]",
                "[resourceId('Microsoft.Storage/storageAccounts', parameters('storageAccounts_sqlproject01_name'))]"
            ],
            "properties": {
                "immutableStorageWithVersioning": {
                    "enabled": false
                },
                "defaultEncryptionScope": "$account-encryption-key",
                "denyEncryptionScopeOverride": false,
                "publicAccess": "None"
            }
        }
    ]
}