{
    "now": "2023-10-30T13:22:46.320Z",
    "perfNow": 31160374.5,
    "diagnosticCorrelation": "63c7c30b-6144-4f57-b329-96daa677b4e1",
    "source": "DownloadSupportFiles",
    "environment": {
        "productName": "adf",
        "buildVersion": "1.0.102323.9",
        "environmentType": 3,
        "resourceName": "OnPreSQLADF",
        "resourceRegion": "eastus2",
        "resourceGroup": "rakeshRG",
        "subscriptionId": "e9a64eb6-b750-4b80-a4de-2370402e7d70",
        "sessionId": "zgj4yQV8Ez0CWZT9Cd5yq9",
        "operationId": "",
        "gitType": "live",
        "loggingKey": "99ac6517-7477-4e09-ac0d-133fa75b7d80"
    },
    "additionalInfo": {
        "selectedResource": "copyAllTables",
        "selectedResourceType": "pipeline"
    }
}