{"$schema":"http://schema.management.azure.com/schemas/2015-01-01/deploymentTemplate.json#","contentVersion":"1.0.0.0","parameters":{"factoryName":{"type":"string","metadata":"Data Factory name"},"AzureDatabricks1":{"type":"string"},"SqlServer1":{"type":"string"},"AzureDataLakeStorage1":{"type":"string"}},"variables":{"factoryId":"[concat('Microsoft.DataFactory/factories/', parameters('factoryName'))]"},"resources":[{"name":"[concat(parameters('factoryName'), '/copyAllTables')]","type":"Microsoft.DataFactory/factories/pipelines","apiVersion":"2018-06-01","properties":{"activities":[{"name":"LookForAllTables","type":"Lookup","dependsOn":[],"policy":{"timeout":"0.12:00:00","retry":0,"retryIntervalInSeconds":30,"secureOutput":false,"secureInput":false},"userProperties":[],"typeProperties":{"source":{"type":"SqlServerSource","sqlReaderQuery":"SELECT \n\ts.name as SchemaName,\n\tt.name as TableName\nFROM sys.tables t \nJOIN sys.schemas s\nON t.schema_id=s.schema_id\nWHERE s.name = 'SalesLT'","queryTimeout":"02:00:00","partitionOption":"None"},"dataset":{"referenceName":"sqldbtables","type":"DatasetReference","parameters":{}},"firstRowOnly":false}},{"name":"ForEachSchemaTable","type":"ForEach","dependsOn":[{"activity":"LookForAllTables","dependencyConditions":["Succeeded"]}],"userProperties":[],"typeProperties":{"items":{"value":"@activity('LookForAllTables').output.value\n","type":"Expression"},"activities":[{"name":"Copy Each Table","type":"Copy","dependsOn":[],"policy":{"timeout":"0.12:00:00","retry":0,"retryIntervalInSeconds":30,"secureOutput":false,"secureInput":false},"userProperties":[],"typeProperties":{"source":{"type":"SqlServerSource","sqlReaderQuery":{"value":"@{concat('SELECT * FROM',' ', item().SchemaName,'.', item().TableName)}","type":"Expression"},"queryTimeout":"02:00:00","partitionOption":"None"},"sink":{"type":"ParquetSink","storeSettings":{"type":"AzureBlobFSWriteSettings"},"formatSettings":{"type":"ParquetWriteSettings"}},"enableStaging":false,"translator":{"type":"TabularTranslator","typeConversion":true,"typeConversionSettings":{"allowDataTruncation":true,"treatBooleanAsNumber":false}}},"inputs":[{"referenceName":"sqlservercopy","type":"DatasetReference","parameters":{}}],"outputs":[{"referenceName":"parquetTable","type":"DatasetReference","parameters":{"schemaname":{"value":"@item().SchemaName","type":"Expression"},"tablename":{"value":"@item().TableName","type":"Expression"}}}]}]}},{"name":"bronze to silver","type":"DatabricksNotebook","dependsOn":[{"activity":"ForEachSchemaTable","dependencyConditions":["Succeeded"]}],"policy":{"timeout":"0.12:00:00","retry":0,"retryIntervalInSeconds":30,"secureOutput":false,"secureInput":false},"userProperties":[],"typeProperties":{"notebookPath":"/Shared/bronze to silver"},"linkedServiceName":{"referenceName":"[parameters('AzureDatabricks1')]","type":"LinkedServiceReference"}},{"name":"Silver to gold","type":"DatabricksNotebook","dependsOn":[{"activity":"bronze to silver","dependencyConditions":["Succeeded"]}],"policy":{"timeout":"0.12:00:00","retry":0,"retryIntervalInSeconds":30,"secureOutput":false,"secureInput":false},"userProperties":[],"typeProperties":{"notebookPath":"/Shared/silver to gold transformation"},"linkedServiceName":{"referenceName":"[parameters('AzureDatabricks1')]","type":"LinkedServiceReference"}}],"policy":{"elapsedTimeMetric":{}},"annotations":[],"lastPublishTime":"2023-10-30T08:24:59Z"},"dependsOn":["[concat(variables('factoryId'), '/datasets/sqldbtables')]","[concat(variables('factoryId'), '/datasets/sqlservercopy')]","[concat(variables('factoryId'), '/datasets/parquetTable')]"]},{"name":"[concat(parameters('factoryName'), '/sqldbtables')]","type":"Microsoft.DataFactory/factories/datasets","apiVersion":"2018-06-01","properties":{"linkedServiceName":{"referenceName":"[parameters('SqlServer1')]","type":"LinkedServiceReference"},"annotations":[],"type":"SqlServerTable","schema":[],"typeProperties":{}},"dependsOn":[]},{"name":"[concat(parameters('factoryName'), '/sqlservercopy')]","type":"Microsoft.DataFactory/factories/datasets","apiVersion":"2018-06-01","properties":{"linkedServiceName":{"referenceName":"[parameters('SqlServer1')]","type":"LinkedServiceReference"},"annotations":[],"type":"SqlServerTable","schema":[],"typeProperties":{}},"dependsOn":[]},{"name":"[concat(parameters('factoryName'), '/parquetTable')]","type":"Microsoft.DataFactory/factories/datasets","apiVersion":"2018-06-01","properties":{"linkedServiceName":{"referenceName":"[parameters('AzureDataLakeStorage1')]","type":"LinkedServiceReference"},"parameters":{"schemaname":{"type":"string"},"tablename":{"type":"string"}},"annotations":[],"type":"Parquet","typeProperties":{"location":{"type":"AzureBlobFSLocation","fileName":{"value":"@{concat(dataset().tablename,'.parquet')}","type":"Expression"},"folderPath":{"value":"@{concat(dataset().schemaname, '/', dataset().tablename)}","type":"Expression"},"fileSystem":"bronze"},"compressionCodec":"snappy"},"schema":[]},"dependsOn":[]}]}