{
    "now": "2023-10-29T19:11:08.728Z",
    "perfNow": 19393760.6,
    "diagnosticCorrelation": "bd74dbd8-7aa9-4cf9-9975-d708c5fcfa67",
    "source": "DownloadSupportFiles",
    "environment": {
        "productName": "adf",
        "buildVersion": "1.0.102323.9",
        "environmentType": 3,
        "resourceName": "OnPreSQLADF",
        "resourceRegion": "eastus2",
        "resourceGroup": "rakeshRG",
        "subscriptionId": "e9a64eb6-b750-4b80-a4de-2370402e7d70",
        "sessionId": "QyzfdCi6JKhfSzAUNezXmh",
        "operationId": "",
        "gitType": "live",
        "loggingKey": "fba3ba77-39d0-412c-9473-d27fb64b23e6"
    },
    "additionalInfo": {
        "selectedResource": "address",
        "selectedResourceType": "dataset"
    }
}